Workbook

Sheet DonBanh
A1: ma_dh | B1: ngay_dat | C1: ma_banh | D1: so_cai | E1: ten_banh | F1: gia_banh | G1: tong_tien
A2: DB001 | B2: 2025-08-01 | C2: BK01 | D2: 4 | E2: =VLOOKUP(C2,BangGia!$A$2:$C$8,2,FALSE) -> Banh kem dau | F2: =VLOOKUP(C2,BangGia!$A$2:$C$8,3,FALSE) -> 45000 | G2: =(D2*F2) -> 180000
A3: DB002 | B3: 2025-08-02 | C3: BG01 | D3: 5 | E3: =VLOOKUP(C3,BangGia!$A$2:$C$8,2,FALSE) -> Banh bong lan | F3: =VLOOKUP(C3,BangGia!$A$2:$C$8,3,FALSE) -> 35000 | G3: =(D3*F3) -> 175000
A4: DB003 | B4: 2025-08-03 | C4: BK02 | D4: 3 | E4: =VLOOKUP(C4,BangGia!$A$2:$C$8,2,FALSE) -> Banh kem socola | F4: =VLOOKUP(C4,BangGia!$A$2:$C$8,3,FALSE) -> 50000 | G4: =(D4*F4) -> 150000
A5: DB004 | B5: 2025-08-04 | C5: BK02 | D5: 4 | E5: =VLOOKUP(C5,BangGia!$A$2:$C$8,2,FALSE) -> Banh kem socola | F5: =VLOOKUP(C5,BangGia!$A$2:$C$8,3,FALSE) -> 50000 | G5: =(D5*F5) -> 200000
A6: DB005 | B6: 2025-08-05 | C6: BG01 | D6: 4 | E6: =VLOOKUP(C6,BangGia!$A$2:$C$8,2,FALSE) -> Banh bong lan | F6: =VLOOKUP(C6,BangGia!$A$2:$C$8,3,FALSE) -> 35000 | G6: =(D6*F6) -> 140000
A7: DB006 | B7: 2025-08-06 | C7: BK01 | D7: 2 | E7: =VLOOKUP(C7,BangGia!$A$2:$C$8,2,FALSE) -> Banh kem dau | F7: =VLOOKUP(C7,BangGia!$A$2:$C$8,3,FALSE) -> 45000 | G7: =(D7*F7) -> 90000
A8: DB007 | B8: 2025-08-07 | C8: BG02 | D8: 4 | E8: =VLOOKUP(C8,BangGia!$A$2:$C$8,2,FALSE) -> Banh flan | F8: =VLOOKUP(C8,BangGia!$A$2:$C$8,3,FALSE) -> 18000 | G8: =(D8*F8) -> 72000
A9: DB008 | B9: 2025-08-08 | C9: BK01 | D9: 4 | E9: =VLOOKUP(C9,BangGia!$A$2:$C$8,2,FALSE) -> Banh kem dau | F9: =VLOOKUP(C9,BangGia!$A$2:$C$8,3,FALSE) -> 45000 | G9: =(D9*F9) -> 180000
A10: DB009 | B10: 2025-08-09 | C10: BN01 | D10: 4 | E10: =VLOOKUP(C10,BangGia!$A$2:$C$8,2,FALSE) -> Banh mi bo | F10: =VLOOKUP(C10,BangGia!$A$2:$C$8,3,FALSE) -> 15000 | G10: =(D10*F10) -> 60000
A11: DB010 | B11: 2025-08-10 | C11: BQ01 | D11: 1 | E11: =VLOOKUP(C11,BangGia!$A$2:$C$8,2,FALSE) -> Banh quy bo | F11: =VLOOKUP(C11,BangGia!$A$2:$C$8,3,FALSE) -> 30000 | G11: =(D11*F11) -> 30000
A12: DB011 | B12: 2025-08-11 | C12: BQ01 | D12: 4 | E12: =VLOOKUP(C12,BangGia!$A$2:$C$8,2,FALSE) -> Banh quy bo | F12: =VLOOKUP(C12,BangGia!$A$2:$C$8,3,FALSE) -> 30000 | G12: =(D12*F12) -> 120000
A13: DB012 | B13: 2025-08-12 | C13: BG01 | D13: 4 | E13: =VLOOKUP(C13,BangGia!$A$2:$C$8,2,FALSE) -> Banh bong lan | F13: =VLOOKUP(C13,BangGia!$A$2:$C$8,3,FALSE) -> 35000 | G13: =(D13*F13) -> 140000
... A16: DB015 | B16: 2025-08-15 | C16: BN02 | D16: 2 | E16: =VLOOKUP(C16,BangGia!$A$2:$C$8,2,FALSE) -> Banh su kem | F16: =VLOOKUP(C16,BangGia!$A$2:$C$8,3,FALSE) -> 20000 | G16: =(D16*F16) -> 40000

Sheet BangGia
A1: ma_banh | B1: ten_banh | C1: gia_banh
A2: BN01 | B2: Banh mi bo | C2: 15000
A3: BN02 | B3: Banh su kem | C3: 20000
A4: BG01 | B4: Banh bong lan | C4: 35000
A5: BG02 | B5: Banh flan | C5: 18000
A6: BK01 | B6: Banh kem dau | C6: 45000
A7: BK02 | B7: Banh kem socola | C7: 50000
A8: BQ01 | B8: Banh quy bo | C8: 30000
